test_name,lucknow_price,url
"17-HYDROXYPREGNENOLONE in Lucknow - ₹10700.00, Home Collection Available",10700.00,https://www.lalpathlabs.com/test/pathology/17-hydroxypregnenolone/lucknow
Diagnostic Centre and Pathology Lab for Blood Test | Dr Lal PathLabs,,https://www.lalpathlabs.com/test/pathology/5-fluorouracil-toxicity/lucknow
"17-HYDROXYPROGESTERONE (17-OHP) in Lucknow - ₹1380.00, Home Collection Available",1380.00,https://www.lalpathlabs.com/test/pathology/17-ohp/lucknow
"ACETYLCHOLINE RECEPTOR (ACHR) BLOCKING ANTIBODY in Lucknow - ₹12900.00, Home Collection Available",12900.00,https://www.lalpathlabs.com/test/pathology/acetylcholine-receptor-achr-blocking-antibody/lucknow
"ADENOSINE DEAMINASE; ADA in Lucknow - ₹540.00, Home Collection Available",540.00,https://www.lalpathlabs.com/test/pathology/adenosine-deaminase-ada/lucknow
"ABSOLUTE EOSINOPHIL COUNT; AEC in Lucknow - ₹120.00, Home Collection Available",120.00,https://www.lalpathlabs.com/test/pathology/absolute-eosinophil-count-aec/lucknow
"ABSOLUTE NEUTROPHIL COUNT in Lucknow - ₹160.00, Home Collection Available",160.00,https://www.lalpathlabs.com/test/pathology/absolute-neutrophil-count/lucknow
"ABSOLUTE LYMPHOCYTE COUNT in Lucknow - ₹160.00, Home Collection Available",160.00,https://www.lalpathlabs.com/test/pathology/absolute-lymphocyte-count/lucknow
"ACUTE KIDNEY INJURY PANEL in Lucknow - ₹8520.00, Home Collection Available",8520.00,https://www.lalpathlabs.com/test/pathology/acute-kidney-injury-panel/lucknow
"17-HYDROXYPROGESTERONE NEWBORN SCREEN; CAH SCREEN in Lucknow - ₹280.00, Home Collection Available",280.00,https://www.lalpathlabs.com/test/pathology/17-hydroxyprogesterone-newborn-screen-cah-screen/lucknow
"5 - HIAA (5-HYDROXY INDOLE ACETIC ACID), RANDOM URINE in Lucknow - ₹3740.00, Home Collection Available",3740.00,https://www.lalpathlabs.com/test/pathology/5-hiaa-random-urine/lucknow
"ABORTION PANEL in Lucknow - ₹17240.00, Home Collection Available",17240.00,https://www.lalpathlabs.com/test/pathology/abortion-panel/lucknow
"ACETYLCHOLINE RECEPTOR (ACHR) BINDING ANTIBODY in Lucknow - ₹4730.00, Home Collection Available",4730.00,https://www.lalpathlabs.com/test/pathology/achr-binding-antibody/lucknow
"ALPHA-1-ANTITRYPSIN QUANTITATION; AAT in Lucknow - ₹2170.00, Home Collection Available",2170.00,https://www.lalpathlabs.com/test/pathology/aat/lucknow
"ACETYLCHOLINE RECEPTOR (ACHR) MODULATING ANTIBODY in Lucknow - ₹17400.00, Home Collection Available",17400.00,https://www.lalpathlabs.com/test/pathology/acetylcholine-receptor-achr-modulating-antibody/lucknow
"ANTI IA-2; INSULINOMA ASSOCIATED ANTIGEN, SERUM in Lucknow - ₹5320.00, Home Collection Available",5320.00,https://www.lalpathlabs.com/test/pathology/acute-kidney-injurys-panel/lucknow
"5-AMINOLEVULINIC ACID (5 -ALA), RANDOM, URINE in Lucknow - ₹4240.00, Home Collection Available",4240.00,https://www.lalpathlabs.com/test/pathology/5-ala-qualitative-urine/lucknow
"5α-DIHYDROTESTOSTERONE; 5α-DHT in Lucknow - ₹2860.00, Home Collection Available",2860.00,https://www.lalpathlabs.com/test/pathology/5a-dihydrotestosterone-dht/lucknow
"ACTN3 (SPORTS GENE), GENOTYPING in Lucknow - ₹6700.00, Home Collection Available",6700.00,https://www.lalpathlabs.com/test/pathology/actn3-sports-gene-genotyping/lucknow
"ADENOVIRUS ANTIGEN FOR RESPIRATORY INFECTIONS in Lucknow - ₹1670.00, Home Collection Available",1670.00,https://www.lalpathlabs.com/test/pathology/adenovirus-antigen-for-respiratory-infections/lucknow
"ADENOVIRUS, QUALITATIVE PCR in Lucknow - ₹4240.00, Home Collection Available",4240.00,https://www.lalpathlabs.com/test/pathology/adenovirus-qualitative-pcr/lucknow
"AFP (ALPHA FETOPROTEIN): MATERNAL in Lucknow - ₹890.00, Home Collection Available",890.00,https://www.lalpathlabs.com/test/pathology/afp-maternal/lucknow
"ALBUMIN, SERUM in Lucknow - ₹110.00, Home Collection Available",110.00,https://www.lalpathlabs.com/test/pathology/albumin-serum/lucknow
"ALCOHOL (ETHANOL) SCREEN, SERUM in Lucknow - ₹740.00, Home Collection Available",740.00,https://www.lalpathlabs.com/test/pathology/alcohol-screen-blood/lucknow
"ALDEHYDE CHOPRA TEST FOR KALA AZAR in Lucknow - ₹280.00, Home Collection Available",280.00,https://www.lalpathlabs.com/test/pathology/aldehyde-chopra-test-for-kalaazar/lucknow
"ALCOHOL BIOMARKERS: ETHYL GLUCURONIDE (ETG) &amp; ETHYL SULPHATE (ETS) , URINE in Lucknow - ₹3150.00, Home Collection Available",3150.00,https://www.lalpathlabs.com/test/pathology/alcohol-ethyl-glucuronide-etg-ethyl-sulphate-ets-quantitative-assay-urine/lucknow
"ALKALINE PHOSPHATASE (ALP) ISOENZYMES in Lucknow - ₹5520.00, Home Collection Available",5520.00,https://www.lalpathlabs.com/test/pathology/alkaline-phosphatase-alp-isoenzymes/lucknow
"ALDOLASE in Lucknow - ₹750.00, Home Collection Available",750.00,https://www.lalpathlabs.com/test/pathology/aldolase/lucknow
"ALLERGY: 107 ALLERGENS, LIA in Lucknow - ₹6400.00, Home Collection Available",6400.00,https://www.lalpathlabs.com/test/pathology/allergy-allergens-lia-z223/lucknow
"ALLERGY: ECZEMA SCREENING PANEL, PEDIATRIC in Lucknow - ₹5810.00, Home Collection Available",5810.00,"https://www.lalpathlabs.com/test/pathology/allergy-eczema-screening-panel,-pediatric/lucknow"
"BETA HCG TOTAL QUANTITATIVE: TUMOR MARKER in Lucknow - ₹690.00, Home Collection Available",690.00,https://www.lalpathlabs.com/test/pathology/all-cytogenetics-panel/lucknow
"ALLERGY: ALMOND (Badam) in Lucknow - ₹1180.00, Home Collection Available",1180.00,https://www.lalpathlabs.com/test/pathology/allergy-individual-marker-almond/lucknow
"ALLERGY: COMPREHENSIVE PROFILE in Lucknow - ₹13790.00, Home Collection Available",13790.00,https://www.lalpathlabs.com/test/pathology/allergy-comprehensive-profile/lucknow
"ALLERGY: ACACIA (Babool) in Lucknow - ₹1180.00, Home Collection Available",1180.00,https://www.lalpathlabs.com/test/pathology/allergy-individual-marker-acacia/lucknow
"ALKAPTONURIA, URINE, QUALITATIVE in Lucknow - ₹310.00, Home Collection Available",310.00,https://www.lalpathlabs.com/test/pathology/alkaptonuria-urine-qualitative/lucknow
"ALLERGIC BRONCHOPULMONARY ASPERGILLOSIS (ABPA) PANEL in Lucknow - ₹3150.00, Home Collection Available",3150.00,https://www.lalpathlabs.com/test/pathology/allergic-bronchopulmonary-aspergillosis-abpa-panel-z501/lucknow
"ALLERGY: ALTERNARIA TENUIS in Lucknow - ₹1180.00, Home Collection Available",1180.00,https://www.lalpathlabs.com/test/pathology/allergy-individual-marker-alternaria-tenuis/lucknow
"ALLERGY: ANY 10 ALLERGENS in Lucknow - ₹9550.00, Home Collection Available",9550.00,https://www.lalpathlabs.com/test/pathology/allergy-individual-marker-any-10-allergens/lucknow
"ALLERGY: APPLE (Seb) in Lucknow - ₹1180.00, Home Collection Available",1180.00,https://www.lalpathlabs.com/test/pathology/allergy-individual-marker-apple/lucknow
"ALLERGY: ASPERGILLUS FUMIGATUS in Lucknow - ₹1630.00, Home Collection Available",1630.00,https://www.lalpathlabs.com/test/pathology/allergy-individual-marker-aspergillus-fumigatus/lucknow
"ALLERGY: BEEF in Lucknow - ₹1180.00, Home Collection Available",1180.00,https://www.lalpathlabs.com/test/pathology/allergy-individual-marker-beef/lucknow
"ALLERGY: BAHIA GRASS in Lucknow - ₹1180.00, Home Collection Available",1180.00,https://www.lalpathlabs.com/test/pathology/allergy-individual-marker-bahia-grass/lucknow
"ALLERGY: BANANA (Kela) in Lucknow - ₹1180.00, Home Collection Available",1180.00,https://www.lalpathlabs.com/test/pathology/allergy-individual-marker-banana/lucknow
"ALLERGY: BRINJAL (Baingan) in Lucknow - ₹1180.00, Home Collection Available",1180.00,https://www.lalpathlabs.com/test/pathology/allergy-individual-marker-brinjal/lucknow
"ALLERGY: BERMUDA GRASS (Cynodon Dactylon / Doob) in Lucknow - ₹1180.00, Home Collection Available",1180.00,https://www.lalpathlabs.com/test/pathology/allergy-individual-marker-bermuda-grass/lucknow
"ALLERGY: CABBAGE (Bandgobi) in Lucknow - ₹1180.00, Home Collection Available",1180.00,https://www.lalpathlabs.com/test/pathology/allergy-individual-marker-cabbage/lucknow
"ALLERGY: CANDIDA ALBICANS in Lucknow - ₹1180.00, Home Collection Available",1180.00,https://www.lalpathlabs.com/test/pathology/allergy-individual-marker-candida-albicans/lucknow
"ALLERGY: CASHEWNUT (Kaju) in Lucknow - ₹1180.00, Home Collection Available",1180.00,https://www.lalpathlabs.com/test/pathology/allergy-individual-marker-cashewnut/lucknow
"ALLERGY: CHEDDAR (Cheese) in Lucknow - ₹1180.00, Home Collection Available",1180.00,https://www.lalpathlabs.com/test/pathology/allergy-individual-marker-cheddar/lucknow
"ALLERGY: CARROT (Gajar) in Lucknow - ₹1180.00, Home Collection Available",1180.00,https://www.lalpathlabs.com/test/pathology/allergy-individual-marker-carrot/lucknow
"ALLERGY: CAT EPITHELIUM &amp; DANDER in Lucknow - ₹1180.00, Home Collection Available",1180.00,https://www.lalpathlabs.com/test/pathology/allergy-individual-marker-cat-epithelium-dander/lucknow
"ALLERGY: CHICKEN (Murgi) in Lucknow - ₹1180.00, Home Collection Available",1180.00,https://www.lalpathlabs.com/test/pathology/allergy-individual-marker-chicken/lucknow
"ALLERGY: CHICKPEA (Kabuli Chana) in Lucknow - ₹1180.00, Home Collection Available",1180.00,https://www.lalpathlabs.com/test/pathology/allergy-individual-marker-chickpea/lucknow
"ALLERGY: CELERY (Ajmoda) in Lucknow - ₹1180.00, Home Collection Available",1180.00,https://www.lalpathlabs.com/test/pathology/allergy-individual-marker-celery/lucknow
"ALLERGY: CLADOSPORIUM HERBARUM in Lucknow - ₹1180.00, Home Collection Available",1180.00,https://www.lalpathlabs.com/test/pathology/allergy-individual-marker-cladosporium-herbarum/lucknow
"ALLERGY: COCKLEBUR (Bichha / Kutta) in Lucknow - ₹1180.00, Home Collection Available",1180.00,https://www.lalpathlabs.com/test/pathology/allergy-individual-marker-cocklebur/lucknow
"ALLERGY: COCKROACH in Lucknow - ₹1180.00, Home Collection Available",1180.00,https://www.lalpathlabs.com/test/pathology/allergy-individual-marker-cockroach/lucknow
"ALLERGY: COCOA in Lucknow - ₹1180.00, Home Collection Available",1180.00,https://www.lalpathlabs.com/test/pathology/allergy-individual-marker-cocoa/lucknow
"ALLERGY: COCONUT (Nariyal) in Lucknow - ₹1180.00, Home Collection Available",1180.00,https://www.lalpathlabs.com/test/pathology/allergy-individual-marker-coconut/lucknow
"ALLERGY: COFFEE in Lucknow - ₹1180.00, Home Collection Available",1180.00,https://www.lalpathlabs.com/test/pathology/allergy-individual-marker-coffee/lucknow
"ALLERGY: COTTONWOOD in Lucknow - ₹1180.00, Home Collection Available",1180.00,https://www.lalpathlabs.com/test/pathology/allergy-individual-marker-cottonwood/lucknow
"ALLERGY: COMMON PIGWEED (Kantewali Chauli) in Lucknow - ₹1180.00, Home Collection Available",1180.00,https://www.lalpathlabs.com/test/pathology/allergy-individual-marker-common-pigweed/lucknow
"ALLERGY: CUCUMBER (Kheera) in Lucknow - ₹1180.00, Home Collection Available",1180.00,https://www.lalpathlabs.com/test/pathology/allergy-individual-marker-cucumber/lucknow
"ALLERGY: COW DANDER in Lucknow - ₹1180.00, Home Collection Available",1180.00,https://www.lalpathlabs.com/test/pathology/allergy-individual-marker-cow-dander/lucknow
"ALLERGY: DOG DANDER in Lucknow - ₹1180.00, Home Collection Available",1180.00,https://www.lalpathlabs.com/test/pathology/allergy-individual-marker-dog-dander/lucknow
"ALLERGY: EGG WHITE (Anda) in Lucknow - ₹1180.00, Home Collection Available",1180.00,https://www.lalpathlabs.com/test/pathology/allergy-individual-marker-egg-white/lucknow
"ALLERGY: ELM (Papdi Chibil) in Lucknow - ₹1180.00, Home Collection Available",1180.00,https://www.lalpathlabs.com/test/pathology/allergy-individual-marker-elm/lucknow
"ALLERGY: GOOSEFOOT (Bathua) in Lucknow - ₹1180.00, Home Collection Available",1180.00,https://www.lalpathlabs.com/test/pathology/allergy-individual-marker-goosefoot/lucknow
"ALLERGY: EUCALYPTUS (Nilgiri / Safeda) in Lucknow - ₹1180.00, Home Collection Available",1180.00,https://www.lalpathlabs.com/test/pathology/allergy-individual-marker-eucalyptus/lucknow
"ALLERGY: HORSE DANDER in Lucknow - ₹1180.00, Home Collection Available",1180.00,https://www.lalpathlabs.com/test/pathology/allergy-individual-marker-horse-dander/lucknow
"ALLERGY: GLUTEN (Lasa) in Lucknow - ₹1970.00, Home Collection Available",1970.00,https://www.lalpathlabs.com/test/pathology/allergy-individual-marker-gluten/lucknow
"ALLERGY: FISH (Machli) in Lucknow - ₹1180.00, Home Collection Available",1180.00,https://www.lalpathlabs.com/test/pathology/allergy-individual-marker-fish/lucknow
"ALLERGY: EGG YOLK (Anda) in Lucknow - ₹1180.00, Home Collection Available",1180.00,https://www.lalpathlabs.com/test/pathology/allergy-individual-marker-egg-yolk/lucknow
"ALLERGY: GARLIC (Lasoon) in Lucknow - ₹1180.00, Home Collection Available",1180.00,https://www.lalpathlabs.com/test/pathology/allergy-individual-marker-garlic/lucknow
"ALLERGY: HOUSE DUST in Lucknow - ₹1180.00, Home Collection Available",1180.00,https://www.lalpathlabs.com/test/pathology/allergy-individual-marker-house-dust/lucknow
"ALLERGY: LEMON (Neembu) in Lucknow - ₹1180.00, Home Collection Available",1180.00,https://www.lalpathlabs.com/test/pathology/allergy-individual-marker-lemon/lucknow
"ALLERGY: JOHNSON GRASS (Sorghum Halepense / Jowar) in Lucknow - ₹1180.00, Home Collection Available",1180.00,https://www.lalpathlabs.com/test/pathology/allergy-individual-marker-johnson-grass/lucknow
"ALLERGY: LENTIL (Dal) in Lucknow - ₹1180.00, Home Collection Available",1180.00,https://www.lalpathlabs.com/test/pathology/allergy-individual-marker-lentil/lucknow
"ALLERGY: MAIZE (Bhutta) in Lucknow - ₹1180.00, Home Collection Available",1180.00,https://www.lalpathlabs.com/test/pathology/allergy-individual-marker-maize/lucknow
"ALLERGY: MANGO (Aam) in Lucknow - ₹1180.00, Home Collection Available",1180.00,https://www.lalpathlabs.com/test/pathology/allergy-individual-marker-mango/lucknow
"ALLERGY: MEADOW GRASS (Lawn Grass) in Lucknow - ₹1180.00, Home Collection Available",1180.00,https://www.lalpathlabs.com/test/pathology/allergy-individual-marker-meadow-grass/lucknow
"ALLERGY: MELALEUCA in Lucknow - ₹1180.00, Home Collection Available",1180.00,https://www.lalpathlabs.com/test/pathology/allergy-individual-marker-melaleuca/lucknow
"ALLERGY: MESQUITE (Pahari Keekar) in Lucknow - ₹1180.00, Home Collection Available",1180.00,https://www.lalpathlabs.com/test/pathology/allergy-individual-marker-mesquite/lucknow
"ALLERGY: MILK (Doodh) in Lucknow - ₹1180.00, Home Collection Available",1180.00,https://www.lalpathlabs.com/test/pathology/allergy-individual-marker-milk/lucknow
"ALLERGY: MUG WORT (Artemisia Vulgaris / Barna) in Lucknow - ₹1180.00, Home Collection Available",1180.00,https://www.lalpathlabs.com/test/pathology/allergy-individual-marker-mug-wort/lucknow
"ALLERGY: OLIVE in Lucknow - ₹1180.00, Home Collection Available",1180.00,https://www.lalpathlabs.com/test/pathology/allergy-individual-marker-olive/lucknow
"ALLERGY: MUSSEL in Lucknow - ₹1080.00, Home Collection Available",1080.00,https://www.lalpathlabs.com/test/pathology/allergy-individual-marker-mussel/lucknow
"ALLERGY: MUTTON (Meat) in Lucknow - ₹1180.00, Home Collection Available",1180.00,https://www.lalpathlabs.com/test/pathology/allergy-individual-marker-mutton/lucknow
"ALLERGY: MUSHROOM (Kukurmutta) in Lucknow - ₹1180.00, Home Collection Available",1180.00,https://www.lalpathlabs.com/test/pathology/allergy-individual-marker-mushroom/lucknow
"ALLERGY: OAT in Lucknow - ₹1180.00, Home Collection Available",1180.00,https://www.lalpathlabs.com/test/pathology/allergy-individual-marker-oat/lucknow
"ALLERGY: OAK in Lucknow - ₹1180.00, Home Collection Available",1180.00,https://www.lalpathlabs.com/test/pathology/allergy-individual-marker-oak/lucknow
"ALLERGY: MULBERRY (Shahtoot) in Lucknow - ₹1180.00, Home Collection Available",1180.00,https://www.lalpathlabs.com/test/pathology/allergy-individual-marker-mulberry/lucknow
